date,site,category,title,url,publish_time,content
20260529,ess_news,储能,5.3 GWh of long-duration capacity BESS awarded in Australia’s FERM Tender 1,https://www.ess-news.com/2026/05/29/5-3-gwh-of-long-duration-capacity-bess-awarded-in-australias-ferm-tender-1/,2026-05-29 09:55:00,
20260529,ess_news,储能,DTE Energy signs 6 GWh BESS supply deal with LG for eight Michigan projects,https://www.ess-news.com/2026/05/29/dte-energy-signs-6-gwh-bess-supply-deal-with-lg-for-eight-michigan-projects/,2026-05-29 08:45:00,
20260529,ess_news,储能,"Nextpower gets into energy storage: $365M for Prevalon Energy, with 6 GWh installed and AI data center deals",https://www.ess-news.com/2026/05/29/nextpower-gets-into-energy-storage-365m-for-prevalon-energy-with-6-gwh-installed-and-ai-data-center-deals/,2026-05-29 07:39:49,
20260529,batteries_news,电池,Eni and Seri Industrial sign agreement to develop the stationary battery supply chain,https://batteriesnews.com/eni-and-seri-industrial-sign-agreement-to-develop-the-stationary-battery-supply-chain/,2026-05-29 18:12:21,
20260529,batteries_news,电池,Electric cars used as mobile home batteries in Dutch world-first energy trial,https://batteriesnews.com/electric-cars-used-as-mobile-home-batteries-in-dutch-world-first-energy-trial/,2026-05-29 18:12:02,
20260529,batteries_news,电池,T&E – How the Industrial Accelerator Act can help avoid more battery factories going bust,https://batteriesnews.com/te-how-the-industrial-accelerator-act-can-help-avoid-more-battery-factories-going-bust/,2026-05-29 18:07:08,
20260529,batteries_news,电池,CeLLife Technologies Closes €4 Million Post-Seed Round to Scale Battery Quality and Health Intelligence Platform,https://batteriesnews.com/cellife-technologies-closes-e4-million-post-seed-round-to-scale-battery-quality-and-health-intelligence-platform/,2026-05-29 18:06:45,
20260529,batteries_news,电池,Forge Nano and Group14 Advance US -Made High-Performance Battery Cells with US Material Supply Chain,https://batteriesnews.com/forge-nano-and-group14-advance-us-made-high-performance-battery-cells-with-us-material-supply-chain/,2026-05-29 18:03:50,
20260529,batteries_news,电池,Global Battery Materials Appoints Former Samsung Executive Dr Yi Hyon Paik as Technical Advisor,https://batteriesnews.com/global-battery-materials-appoints-former-samsung-executive-dr-yi-hyon-paik-as-technical-advisor/,2026-05-29 17:52:25,
20260529,batteries_news,电池,CATL launches China’s first standardized light truck battery swap ecosystem,https://batteriesnews.com/catl-launches-chinas-first-standardized-light-truck-battery-swap-ecosystem/,2026-05-29 17:52:11,
20260529,batteries_news,电池,"DTE Energy invests in Michigan-made battery storage systems, advancing clean energy goals and spurring billions in economic growth across the state",https://batteriesnews.com/dte-energy-invests-in-michigan-made-battery-storage-systems-advancing-clean-energy-goals-and-spurring-billions-in-economic-growth-across-the-state/,2026-05-29 17:47:24,
20260529,batteries_news,电池,Hongli Group Inc Engages Battery Technology Expert Dr. Phillip A. Medina IV as Independent Technical Advisor for Energy Storage Initiatives,https://batteriesnews.com/hongli-group-inc-engages-battery-technology-expert-dr-phillip-a-medina-iv-as-independent-technical-advisor-for-energy-storage-initiatives/,2026-05-29 17:44:41,
20260529,batteries_news,电池,Drop Off Old Batteries for Free: Cirba Solutions Hosts World Environment Day Recycling Event in Wixom (June 4),https://batteriesnews.com/drop-off-old-batteries-for-free-cirba-solutions-hosts-world-environment-day-recycling-event-in-wixom-june-4/,2026-05-29 17:42:10,
20260529,electrek,新能源,This Tesla owner won $10k in court for Tesla’s FSD lies (Updated),https://electrek.co/2026/05/29/this-tesla-owner-won-10k-in-court-for-teslas-fsd-lies-tesla-is-still-fighting-him/,2026-05-29 23:40:00,
20260529,electrek,新能源,Blink and Kempower expand US East Coast EV fast charging,https://electrek.co/2026/05/29/blink-kempower-expand-us-east-coast-ev-fast-charging/,2026-05-29 21:53:15,
20260529,electrek,新能源,The 2027 Chevy Equinox and Blazer EVs fix one big complaint drivers had,https://electrek.co/2026/05/29/2027-chevy-equinox-blazer-evs-fix-one-big-driver-complaint/,2026-05-29 20:32:12,
20260529,electrek,新能源,Republicans devise another way to make electricity more expensive with new fees,https://electrek.co/2026/05/29/republicans-devise-yet-another-way-to-make-your-electricity-more-expensive/,2026-05-29 19:02:38,
20260529,electrek,新能源,"BYD’s new electric SUV secures over 30,000 orders in its first week",https://electrek.co/2026/05/29/byds-new-electric-suv-secures-over-30000-orders-first-week/,2026-05-29 18:27:58,
20260529,electrek,新能源,"Podcast: Tesla Robotaxi numbers, Ferrari’s controversial Luce launches, Waymo Ojai, and more",https://electrek.co/2026/05/29/podcast-tesla-robotaxi-numbers-ferraris-controversial-luce-launches-waymo-ojai-and-more/,2026-05-29 18:26:12,
20260529,electrek,新能源,"Anker SOLIX permanently cuts power station prices + exclusive bonus savings to lows, Lectric’s rare 30% extra battery sale lows, more",https://electrek.co/2026/05/29/anker-solix-cuts-power-station-prices-exclusive-savingss-lectric-extra-battery-sale-more/,2026-05-29 18:00:00,
20260529,electrek,新能源,This is the mid-size GM electric off-roader we deserve [Images],https://electrek.co/2026/05/29/mid-size-gm-electric-off-roader-images/,2026-05-29 16:49:45,
20260529,electrek,新能源,Toyota is scrapping plans to launch one of its most important EVs,https://electrek.co/2026/05/29/toyota-scraps-plans-launch-most-important-evs/,2026-05-29 15:06:09,
20260529,electrek,新能源,"Memorial Day Green Deals hub – EVs, power stations, electric tools, devices, and much more",https://electrek.co/2026/05/29/memorial-day-green-deals-hub-evs-power-stations-electric-tools-devices-more/,2026-05-29 13:21:00,
20260529,electrek,新能源,"Rivian R2 matches Tesla Model Y efficiency despite bigger, heavier body",https://electrek.co/2026/05/29/rivian-r2-epa-efficiency-matches-tesla-model-y/,2026-05-29 10:22:28,
20260529,scitechdaily,综合科技,Scientists Discover Mysterious Creature Living in the Great Salt Lake – and It Exists Nowhere Else on Earth,https://scitechdaily.com/scientists-discover-mysterious-creature-living-in-the-great-salt-lake-and-it-exists-nowhere-else-on-earth/,2026-05-29 23:23:24,
20260529,scitechdaily,综合科技,It’s Alive? Surprising Discovery Changes What We Know About Fog,https://scitechdaily.com/its-alive-surprising-discovery-changes-what-we-know-about-fog/,2026-05-29 22:38:14,
20260529,scitechdaily,综合科技,Simple Family Routines May Be the Secret to a Smoother Start at School,https://scitechdaily.com/simple-family-routines-may-be-the-secret-to-a-smoother-start-at-school/,2026-05-29 20:33:02,
20260529,scitechdaily,综合科技,Brain Study Overturns Long-Held Beliefs About How Humans Learn Speech,https://scitechdaily.com/brain-study-overturns-long-held-beliefs-about-how-humans-learn-speech/,2026-05-29 19:23:25,
20260529,scitechdaily,综合科技,Ancient Goose Fossil Challenges Long-Held Theories About New Zealand Birds,https://scitechdaily.com/ancient-goose-fossil-challenges-long-held-theories-about-new-zealand-birds/,2026-05-29 17:03:10,
20260529,scitechdaily,综合科技,A Tiny Bright-Blue Octopus Found in the Galápagos Is Completely New to Science,https://scitechdaily.com/a-tiny-bright-blue-octopus-found-in-the-galapagos-is-completely-new-to-science/,2026-05-29 16:18:04,
20260529,scitechdaily,综合科技,Scientists Stop Pancreatic Cancer Before It Starts in Landmark Preclinical Study,https://scitechdaily.com/scientists-stop-pancreatic-cancer-before-it-starts-in-landmark-preclinical-study/,2026-05-29 14:30:49,
20260529,scitechdaily,综合科技,Scientists Discover Surprising Anti-Aging Power Hidden in Aged Garlic,https://scitechdaily.com/scientists-discover-surprising-anti-aging-power-hidden-in-aged-garlic/,2026-05-29 13:45:46,
20260529,scitechdaily,综合科技,Just Minutes of Intense Exercise Could Slash Disease Risk by 50%,https://scitechdaily.com/just-minutes-of-intense-exercise-could-slash-disease-risk-by-50/,2026-05-29 04:04:35,
20260529,scitechdaily,综合科技,People Who Stop Ozempic Often Don’t Gain the Weight Back,https://scitechdaily.com/people-who-stop-ozempic-often-dont-gain-the-weight-back/,2026-05-29 03:29:40,
20260529,scitechdaily,综合科技,Why More People in Their 30s Are Suddenly Getting Colon Cancer,https://scitechdaily.com/why-more-people-in-their-30s-are-suddenly-getting-colon-cancer/,2026-05-29 02:54:02,
20260529,interesting_engineering,综合科技,"Stretchable hydrogel generator delivers stable power after 8,000 bending cycles",https://interestingengineering.com/innovation/stretchable-hydrogel-generator-wearable-devices,2026-05-29 22:17:03,
20260529,interesting_engineering,综合科技,Massive cyberattack botnet powered by 17 million devices dismantled in Dutch raid,https://interestingengineering.com/culture/17-million-device-botnet-taken-offline-cybersecurity,2026-05-29 20:20:59,
20260529,interesting_engineering,综合科技,US’ new uranium enrichment facility could boost nuclear fuel supply after review,https://interestingengineering.com/energy/us-uranium-enrichment-nuclear-fuel-supply,2026-05-29 20:06:58,
20260529,interesting_engineering,综合科技,US Navy receives combat management system to enable rapid fleet wide upgrades,https://interestingengineering.com/military/us-navy-combat-management-system-upgrades,2026-05-29 18:36:55,
20260529,interesting_engineering,综合科技,Robots learn to recover from dangerous stair falls using smart stabilising system,https://interestingengineering.com/ai-robotics/ai-robot-fall-mitigation-stair-climbing-sutd,2026-05-29 18:15:03,
20260529,cnnpn_domestic,核电国内,山西电子科技学院党委书记扈新起一行到访中核二二5月28日，山西电子科技学院党委书记扈新起一行到访中核二二，与公司党委书记、董事长郭云等围绕新校区规划建设、校企深度协同发展等工作进行座谈交流。扈新起充分肯定了中核二二过硬的经营能力和优良的履约口碑，并代表校方向公司赠送锦旗及感谢信。他指出，校企双方合作基础扎实、协作氛围浓厚，希望持续巩固深化合作成果，不断拓展合作领域、提升合作层级，把良好的合作基础转化为长远发展的内生动力，推动校企合作持续向好、纵深发展。郭云对扈...2026-05-29,https://www.cnnpn.cn/article/54399.html,2026-05-29 00:00:00,
20260529,cnnpn_domestic,核电国内,东方电气集团与法国电力集团举行会谈5月29日，东方电气集团党组书记、董事长罗乾宜在广州会见法国电力集团董事长兼首席执行官伯纳德·丰塔纳，共叙合作友谊，共话低碳未来。集团公司党组成员、副总经理李建华参加会谈。罗乾宜对丰塔纳一行到访表示欢迎，介绍了东方电气集团在电力装备和清洁能源技术方面的最新进展。他指出，东方电气集团与法国电力集团在三十余年的战略合作中建立了深厚友谊，双方在核能领域的合作项目已经取得显著成果。希望双方进一步加强交流，积极探索核能产业...2026-05-29,https://www.cnnpn.cn/article/54398.html,2026-05-29 00:00:00,
20260529,cnnpn_domestic,核电国内,华北监督站开展核电应急柴发机组电控柜专题技术交流为从严抓实核电关键设备全链条质量管控，破解核电厂应急柴油发电机组技术短板，夯实核电设备本质安全水平，近期，生态环境部华北核与辐射安全监督站(以下简称华北监督站)在上海组织召开核电厂应急柴油发电机组(以下简称柴发机组)1E级电控柜质量鉴定专题技术交流活动。本次交流活动覆盖面广、产业链代表性强，中广核工程有限公司、深圳中广核工程设计有限公司、陕西柴油机重工有限公司、沪东重机有限公司、北京广利核系统工程有限公司、中国船...2026-05-29,https://www.cnnpn.cn/article/54397.html,2026-05-29 00:00:00,
20260529,cnnpn_domestic,核电国内,辽宁省发布“十五五”规划纲要，推动核能等清洁能源高质量发展近日，辽宁省人民政府关于印发《辽宁省国民经济和社会发展第十五个五年规划纲要》的通知，旨在通过构建六新合一的新型能源体系，全面提升能源安全保障能力与绿色低碳发展水平。围绕国家能源安全战略，辽宁将建设具有地方特色的风光火核储一体化能源基地，推动清洁能源优势加快形成。未来，辽宁将逐步构建以非化石能源为主要供应来源、化石能源为兜底保障、新型电力系统为关键支撑、绿色智慧节约为用能导向的清洁低碳、安全高效新型能源体系，提升...2026-05-29,https://www.cnnpn.cn/article/54395.html,2026-05-29 00:00:00,
20260529,cnnpn_domestic,核电国内,广东廉江核电项目1号机组屏蔽墙穹顶吊装就位2026年5月29日，国家电投广东廉江核电项目1号机组屏蔽墙穹顶精准吊装就位，标志着1号机组主厂房主体结构正式全面落成，项目建设从土建施工阶段全面迈入设备安装阶段，为后续工程推进筑牢坚实基础。核岛钢穹顶模块是屏蔽厂房的核心承重构件，位于核岛钢板混凝土结构之上，承担着上部非能动安全壳冷却水储存箱及附属结构的全部荷载，吊装总重量约1130吨。作为项目钢结构模块化施工的收官关键工程，钢穹顶不仅是主厂房主体结构闭合的核心标志，更是保障...2026-05-29,https://www.cnnpn.cn/article/54392.html,2026-05-29 00:00:00,
20260529,cnnpn_domestic,核电国内,生态环境部核电安全监管司与华东核与辐射安全监督站开展工作交流近日，生态环境部核电安全监管司与华东核与辐射安全监督站(以下简称华东监督站)开展工作交流，双方就核电厂监督以及风险指引型监管进行了沟通讨论。会上，华东监督站首先介绍了核电厂监管指针体系及实施情况、风险指引型监督试点情况以及近期监督关注的重点问题。双方围绕强化核电集团管理责任和营运单位全面责任、开展风险指引型监督试点、推动营运单位深化风险指引型工具研发及使用等进行深入研讨。经充分讨论，双方就下一步工作达成共识...2026-05-29,https://www.cnnpn.cn/article/54391.html,2026-05-29 00:00:00,
20260529,cnnpn_domestic,核电国内,追求卓越·改革破局丨徐大堡核电2号机组压力容器顺利吊装就位5月28日，徐大堡核电2号机组反应堆压力容器吊装工作圆满完成，设备精准、平稳就位，项目建设完成重要里程碑。作为核岛核心关键设备，压力容器吊装存在空间受限、精度严苛、高空作业、环境干扰多等难题。为保障作业顺利推进，项目团队提前运用数字化技术、沙盘推演、精细化技术交底等方式，从源头筑牢质量安全防线。吊装全程实行分区监护、专人旁站管控，作业人员全程紧盯设备行进间距、吊具载荷、设备姿态等关键要点，对各类风险隐患做到提前设防、...2026-05-29,https://www.cnnpn.cn/article/54385.html,2026-05-29 00:00:00,
20260529,cnnpn_domestic,核电国内,深圳市核电数智调试先进技术重点实验室建设运行启动会顺利召开5月28日上午，深圳市核电数智调试先进技术重点实验室建设运行启动会在深圳市龙岗区中广核工程大厦召开。本次会议由中广核工程主办，旨在贯彻落实深圳市重点实验室管理运行要求，推动核电数智调试领域技术创新与高质量发展。本次会议汇聚了政、产、学、研多方力量。深圳市、龙岗区科技创新局相关负责人、相关高校代表、公司党委委员、副总经理、安全总监乔恩举以及各部门相关负责人参加会议。会议举行了重点实验室学术委员聘任仪式，听取实...2026-05-29,https://www.cnnpn.cn/article/54380.html,2026-05-29 00:00:00,
20260529,cnnpn_domestic,核电国内,追求卓越·改革破局丨秦山核电接受中核集团卓越绩效贯标现场诊断5月25日至28日，秦山核电接受了为期四天的中核集团卓越绩效贯标现场诊断。专家组依据评价准则，通过访谈座谈、资料核查、现场核验等方式，围绕领导、战略、顾客与市场、资源、过程管理、测量分析与改进、结果七大维度对公司贯标工作全方位诊断，为公司管理提升与高质量发展精准把脉问诊。诊断末次会议上，公司党委书记、董事长黄潜代表公司作出郑重表态：一是提高站位、压实责任，全面落实中核集团、中国核电卓越绩效贯标工作要求，制定清单化、责...2026-05-29,https://www.cnnpn.cn/article/54377.html,2026-05-29 00:00:00,
20260529,cnnpn_domestic,核电国内,华北监督站开展核电应急柴发机组电控柜专题技术交流,https://www.cnnpn.cn/article/54397.html,,
20260529,cnnpn_domestic,核电国内,辽宁省发布“十五五”规划纲要，推动核能等清洁能源高质量发展,https://www.cnnpn.cn/article/54395.html,,
20260529,cnnpn_domestic,核电国内,广东廉江核电项目1号机组屏蔽墙穹顶吊装就位,https://www.cnnpn.cn/article/54392.html,,
20260529,cnnpn_domestic,核电国内,深圳市核电数智调试先进技术重点实验室建设运行启动会顺利召开,https://www.cnnpn.cn/article/54380.html,,
20260529,cnnpn_domestic,核电国内,山西电子科技学院党委书记扈新起一行到访中核二二,https://www.cnnpn.cn/article/54399.html,,
20260529,cnnpn_domestic,核电国内,东方电气集团与法国电力集团举行会谈,https://www.cnnpn.cn/article/54398.html,,
20260529,cnnpn_domestic,核电国内,生态环境部核电安全监管司与华东核与辐射安全监督站开展工作交流,https://www.cnnpn.cn/article/54391.html,,
20260529,cnnpn_domestic,核电国内,追求卓越·改革破局丨徐大堡核电2号机组压力容器顺利吊装就位,https://www.cnnpn.cn/article/54385.html,,
20260529,cnnpn_domestic,核电国内,追求卓越·改革破局丨秦山核电接受中核集团卓越绩效贯标现场诊断,https://www.cnnpn.cn/article/54377.html,,
20260529,cnnpn_domestic,核电国内,深化“组组协同”，生态环境部西南核与辐射安全监督站与中核四川环保纪检组织召开专题交流会,https://www.cnnpn.cn/article/54372.html,,
20260529,cnnpn_domestic,核电国内,中国能建董事长倪真与中国华能董事长温枢刚会谈 高质量推进核电等重点工程,https://www.cnnpn.cn/article/54371.html,,
20260529,cnnpn_domestic,核电国内,江苏徐圩核能供热发电厂1号机组常规岛FCD,https://www.cnnpn.cn/article/54370.html,,
20260529,cnnpn_domestic,核电国内,中核四0四分析检验中心顺利通过DIAC初次评审,https://www.cnnpn.cn/article/54369.html,,
20260529,cnnpn_domestic,核电国内,中国核建公司董事长尹卫平会见法国电力集团董事长兼首席执行官丰塔纳一行,https://www.cnnpn.cn/article/54367.html,,
20260529,cnnpn_domestic,核电国内,海阳核电4号机组220kV倒送电圆满完成,https://www.cnnpn.cn/article/54368.html,,
20260529,cnnpn_international,核电国外,BLSK Energy结束隐秘模式，计划回收核电站乏燃料生产先进快堆燃料,https://www.cnnpn.cn/article/54039.html,,
20260529,cnnpn_international,核电国外,美国核管会受理Orano铀浓缩设施许可申请，计划12个月内完成技术审查,https://www.cnnpn.cn/article/54151.html,,
20260529,cnnpn_international,核电国外,Terra Innovatum与SPG Dry Cooling签署协议，为SOLO微型反应堆供应空冷冷凝器,https://www.cnnpn.cn/article/54041.html,,
20260529,cnnpn_international,核电国外,俄罗斯专家计划利用数字孪生技术设计核动力月球基地,https://www.cnnpn.cn/article/54158.html,,
20260529,cnnpn_international,核电国外,俄罗斯WWER-1200动力装置模拟器在托木斯克理工大学投入使用,https://www.cnnpn.cn/article/54120.html,,
20260529,cnnpn_international,核电国外,俄罗斯国家原子能公司与俄罗斯技术研究院签署合作协议 开发综合性工业自动化解决方案,https://www.cnnpn.cn/article/54119.html,,
20260529,cnnpn_international,核电国外,俄罗斯CYBERSTEEL公司研发新型冷轧工艺，提升核电站换热管检测可靠性,https://www.cnnpn.cn/article/54055.html,,
20260529,cnnpn_international,核电国外,犹他州格林河核电站项目成立合资企业 将采用Holtec SMR-300小型模块化反应堆技术,https://www.cnnpn.cn/article/54411.html,,
20260529,cnnpn_international,核电国外,ITER组织总干事在第三届ITER公私聚变合作论坛上表示：良性竞争有益领域发展，合作共促核聚变 产业前行,https://www.cnnpn.cn/article/53999.html,,
20260529,cnnpn_international,核电国外,芬兰Steady Energy通讯和公共关系总监Lauri Muranen：到2050年芬兰将有20-30座小型核电站投入运营,https://www.cnnpn.cn/article/52864.html,,
20260529,cnnpn_international,核电国外,斯洛伐克V1核电站退役进入拆除最后阶段，九成金属材料可再利用,https://www.cnnpn.cn/article/54396.html,,
20260529,cnnpn_international,核电国外,韩国原子能研究院积极推动SMART100小型模块化反应堆出口，目标印度及欧美市场,https://www.cnnpn.cn/article/54386.html,,
20260529,cnnpn_international,核电国外,东电将启动福岛第一核电站2号机组乏燃料移除作业，目标2028财年完成,https://www.cnnpn.cn/article/54382.html,,
20260529,cnnpn_international,核电国外,俄罗斯国家原子能公司在NEISA 2026非洲峰会上展示模块化小堆成熟解决方案,https://www.cnnpn.cn/article/54394.html,,
20260529,cnnpn_international,核电国外,国际能源署：全球核能投资2026年预计维持800亿美元，核电迎来强劲回归,https://www.cnnpn.cn/article/54389.html,,
20260529,cpnn_energy,新能源,全球最大储能实证平台在厦门启动,https://cpnn.com.cn/news/xny/202605/t20260529_1891474.html,2026-05-29 00:00:00,
20260529,cpnn_energy,新能源,中国单体容量最大智能组串式储能电站落地,https://cpnn.com.cn/news/xny/202605/t20260529_1891420.html,2026-05-29 00:00:00,
20260529,cpnn_energy,新能源,全球最大储能实证平台在厦门启动,http://www.cpnn.com.cn/news/xny/202605/t20260529_1891474.html,2026-05-29 00:00:00,
20260529,cpnn_energy,新能源,中国单体容量最大智能组串式储能电站落地,http://www.cpnn.com.cn/news/xny/202605/t20260529_1891420.html,2026-05-29 00:00:00,
20260529,cpnn_tech,综合科技,中国电科院发布一项电力人工智能重大成果,https://cpnn.com.cn/news/kj/202605/t20260529_1891412.html,2026-05-29 00:00:00,
20260529,cpnn_tech,综合科技,中国电科院发布一项电力人工智能重大成果,http://www.cpnn.com.cn/news/kj/202605/t20260529_1891412.html,2026-05-29 00:00:00,
20260529,sciencenet,综合科技,2026中国科技馆“筑梦星球”创意作品征集启幕,https://news.sciencenet.cn/htmlnews/2026/5/565669.shtm,2026-05-29 00:00:00,
20260529,sciencenet,综合科技,深海冷泉古菌演化研究中取得重要进展,https://news.sciencenet.cn/htmlnews/2026/5/565665.shtm,2026-05-29 00:00:00,
20260529,sciencenet,综合科技,西沙群岛孢粉输运机制及古环境重建研究获进展,https://news.sciencenet.cn/htmlnews/2026/5/565664.shtm,2026-05-29 00:00:00,
20260529,sciencenet,综合科技,新研究发现尿路上皮癌治疗抵抗机制,https://news.sciencenet.cn/htmlnews/2026/5/565663.shtm,2026-05-29 00:00:00,
20260529,sciencenet,综合科技,原子级“能量锁”让近红外光高效合成绿色氨,https://news.sciencenet.cn/htmlnews/2026/5/565662.shtm,2026-05-29 00:00:00,
20260529,sciencenet,综合科技,深度学习新方法实现复杂河口营养盐遥感监测,https://news.sciencenet.cn/htmlnews/2026/5/565660.shtm,2026-05-29 00:00:00,
20260529,sciencenet,综合科技,国家气候中心：强厄尔尼诺事件正在发展,https://news.sciencenet.cn/htmlnews/2026/5/565650.shtm,2026-05-29 00:00:00,
20260529,sciencenet,综合科技,中国科学报社发布2025年度社会责任报告,https://news.sciencenet.cn/htmlnews/2026/5/565649.shtm,2026-05-29 00:00:00,
20260529,sciencenet,综合科技,研究人员研发快速精准腹部脂肪与铁定量成像新技术,https://news.sciencenet.cn/htmlnews/2026/5/565636.shtm,2026-05-29 00:00:00,
20260529,sciencenet,综合科技,科研团队看清固态电解质从晶体变成非晶产物全过程,https://news.sciencenet.cn/htmlnews/2026/5/565633.shtm,2026-05-29 00:00:00,
20260529,sciencenet,综合科技,研究发现热带气旋对全球碳循环的影响正在发生逆转,https://news.sciencenet.cn/htmlnews/2026/5/565628.shtm,2026-05-29 00:00:00,
20260529,sciencenet,综合科技,距今5.4亿年来地球为何宜居？关键证据被发现,https://news.sciencenet.cn/htmlnews/2026/5/565624.shtm,2026-05-29 00:00:00,
20260529,sciencenet,综合科技,中国科学院举办“科学家精神大讲堂”第四期示范性宣讲,https://news.sciencenet.cn/htmlnews/2026/5/565621.shtm,2026-05-29 00:00:00,
20260529,sciencenet,综合科技,10人入选！“最美科技工作者”发布,https://news.sciencenet.cn/htmlnews/2026/5/565617.shtm,2026-05-29 00:00:00,
20260529,sciencenet,综合科技,父亲孕前压力可改变精子分子，影响雄性后代体格发育,https://news.sciencenet.cn/htmlnews/2026/5/565610.shtm,2026-05-29 00:00:00,
20260529,sciencenet,综合科技,为什么有人吃得多却不长胖？肠道微生物给出答案,https://news.sciencenet.cn/htmlnews/2026/5/565609.shtm,2026-05-29 00:00:00,
20260529,sciencenet,综合科技,衰老不只是菌群变老，而是人体免疫失去肠道管控能力,https://news.sciencenet.cn/htmlnews/2026/5/565608.shtm,2026-05-29 00:00:00,
20260529,sciencenet,综合科技,为何乳腺癌免疫疗法效果不佳？元凶竟是它,https://news.sciencenet.cn/htmlnews/2026/5/565607.shtm,2026-05-29 00:00:00,
20260529,sciencenet,综合科技,大脑自带“清洗系统”！AI揭秘睡眠健脑排毒机制,https://news.sciencenet.cn/htmlnews/2026/5/565606.shtm,2026-05-29 00:00:00,
20260529,sciencenet,综合科技,新型“活体敷料”上岗，加速多种伤口愈合,https://news.sciencenet.cn/htmlnews/2026/5/565603.shtm,2026-05-29 00:00:00,
20260529,sciencenet,综合科技,三十多岁体能良好，影响数十年后动脉健康,https://news.sciencenet.cn/htmlnews/2026/5/565602.shtm,2026-05-29 00:00:00,
20260529,sciencenet,综合科技,新型尿检可筛查儿童自闭症风险，助力早干预,https://news.sciencenet.cn/htmlnews/2026/5/565601.shtm,2026-05-29 00:00:00,
20260529,sciencenet,综合科技,揭秘再生能力流失真相,https://news.sciencenet.cn/htmlnews/2026/5/565600.shtm,2026-05-29 00:00:00,
20260529,sciencenet,综合科技,研究发现农田土壤固碳培肥关键影响因素,https://news.sciencenet.cn/htmlnews/2026/5/565592.shtm,2026-05-29 00:00:00,
20260529,sciencenet,综合科技,蛋白和多肽如何让茶叶“鲜醇”,https://news.sciencenet.cn/htmlnews/2026/5/565588.shtm,2026-05-29 00:00:00,
20260529,xinhua_tech,综合科技,梅宏院士寄语青年科研人：用好AI、夯实基础、敢闯科技无人区,http://www.news.cn/tech/20260529/39742278177340a2badc1ee08d0f1dda/c.html,2026-05-29 00:00:00,
20260529,xinhua_tech,综合科技,工信部：开展执法行动 规范废旧动力电池回收利用,https://www.news.cn/tech/20260529/2d80399ee5d242b0aa891f1121c62ad2/c.html,2026-05-29 00:00:00,
20260529,xinhua_tech,综合科技,梅宏院士寄语青年科研人：用好AI、夯实基础、敢闯科技无人区,https://www.news.cn/tech/20260529/39742278177340a2badc1ee08d0f1dda/c.html,2026-05-29 00:00:00,
20260529,xinhua_tech,综合科技,科学圆桌会|空间力学专家：天舟十号带上天的这组试验，将解决三大“太空烦恼”,https://www.news.cn/tech/20260529/de6b8bb9566f4225b49eb568e5597146/c.html,2026-05-29 00:00:00,
20260529,xinhua_tech,综合科技,两部门发文布局人工智能计量能力建设,https://www.news.cn/tech/20260529/27f702f274654a8d8641ea09af4501a0/c.html,2026-05-29 00:00:00,
20260529,xinhua_tech,综合科技,AI算力驱动需求爆发 国产光通信产品出海热销,https://www.news.cn/tech/20260529/264d6cd1dffd4681b9e03617807f5442/c.html,2026-05-29 00:00:00,
20260529,xinhua_tech,综合科技,4月我国网约车订单量达9.24亿单,https://www.news.cn/tech/20260529/81858e655ad04d90b025a7d03375e52b/c.html,2026-05-29 00:00:00,
20260529,xinhua_tech,综合科技,两部门联合发文破解AI“测不准”“数据荒”难题,https://www.news.cn/tech/20260529/4df44d2977db49ef8e60923aa248fc64/c.html,2026-05-29 00:00:00,
20260529,inen_solar,光伏,科智引领破内卷 链合共生谋新局——TCL中环呼吁光伏产业回归价值创造,https://solar.in-en.com/html/solar-2460692.shtml,2026-05-29 00:00:00,
20260529,inen_solar,光伏,能源管理进入智能体时代｜思格发布行业首个全域AI智能体 SigenAgent,https://solar.in-en.com/html/solar-2460691.shtml,2026-05-29 00:00:00,
20260529,inen_solar,光伏,德国启动2.1GW地面光伏项目招标,https://solar.in-en.com/html/solar-2460652.shtml,2026-05-29 00:00:00,
20260529,inen_solar,光伏,《加快促进吉林省新能源集成融合发展的实施方案》政策解读,https://solar.in-en.com/html/solar-2460650.shtml,2026-05-29 00:00:00,
20260529,inen_solar,光伏,工信部：聚焦光伏组件、储能电池等重点产业链，开展专项节能监察,https://solar.in-en.com/html/solar-2460278.shtml,,
20260529,inen_solar,光伏,强强联合，通威与One Stop Warehouse达成合作,https://solar.in-en.com/html/solar-2460251.shtml,,
20260529,inen_solar,光伏,东方日升聘任新总裁,https://solar.in-en.com/html/solar-2460298.shtml,,
20260529,inen_solar,光伏,贵州2026年机制竞价结果：3814个光伏项目入选，电价0.345元/度,https://solar.in-en.com/html/solar-2460118.shtml,,
20260529,inen_solar,光伏,电价上涨25%！甘肃2027上半年机制电价竞价结果公布,https://solar.in-en.com/html/solar-2460133.shtml,,
20260529,inen_solar,光伏,招标 | 中石油300MW光伏项目EPC招标,https://solar.in-en.com/html/solar-2460142.shtml,,
20260529,inen_solar,光伏,光伏挣钱能力排行榜！阳光、特变、正泰、德业、捷佳伟创、横店东,https://solar.in-en.com/html/solar-2460253.shtml,,
20260529,inen_solar,光伏,组件最高0.845元/W！26个EPC项目！本周1.67GW光伏招中标项目【光,https://solar.in-en.com/html/solar-2460127.shtml,,
20260529,inen_solar,光伏,流标！400MW光伏治沙项目,https://solar.in-en.com/html/solar-2460297.shtml,,
20260529,inen_solar,光伏,招标 | 20450吨，浙能集团光伏支架招标,https://solar.in-en.com/html/solar-2460296.shtml,,
20260529,inen_solar,光伏,光伏出货排行榜！通威、阳光电源、晶科、中来、福莱特、福斯特、,https://solar.in-en.com/html/solar-2460295.shtml,,
20260529,inen_solar,光伏,新疆“十五五”规划纲要：系统谋划北疆大型新能源基地建设，有序,https://solar.in-en.com/html/solar-2460273.shtml,,
20260529,renewablesnow,新能源,Vestas books orders for 88 MW of onshore wind turbines in Germany,https://renewablesnow.com/news/vestas-books-orders-for-88-mw-of-onshore-wind-turbines-in-germany-1295618/,2026-05-29 00:00:00,
20260529,renewablesnow,新能源,"Cosmo Eco, Nippon Steel launch 39 MW wind power PPA in Japan",https://renewablesnow.com/news/cosmo-eco-nippon-steel-launch-39-mw-wind-power-ppa-in-japan-1295608/,2026-05-29 00:00:00,
20260529,renewablesnow,新能源,FairWind completes EUR-20m bond tap issue,https://renewablesnow.com/news/fairwind-completes-eur-20m-bond-tap-issue-1295602/,2026-05-29 00:00:00,
20260529,renewablesnow,新能源,"Romania's Electrica awards EPC contract for 78.8-MWp solar, BESS project",https://renewablesnow.com/news/romanias-electrica-awards-epc-contract-for-78-8-mwp-solar-bess-project-1295636/,2026-05-29 00:00:00,
20260529,renewablesnow,新能源,PowerBank signs lease for 20-MWh BESS project in New York,https://renewablesnow.com/news/powerbank-signs-lease-for-20-mwh-bess-project-in-new-york-1295620/,2026-05-29 00:00:00,
20260529,renewablesnow,新能源,Enviromena powers up 10-MWp solar farm in Wales,https://renewablesnow.com/news/enviromena-powers-up-10-mwp-solar-farm-in-wales-1295607/,2026-05-29 00:00:00,
20260529,renewablesnow,新能源,Eku Energy secures terrain for 120-MWh Japanese battery project,https://renewablesnow.com/news/eku-energy-secures-terrain-for-120-mwh-japanese-battery-project-1295611/,2026-05-29 00:00:00,
20260529,renewablesnow,新能源,Trina Storage delivers hardware for 160.5-MWh BESS project in Romania,https://renewablesnow.com/news/trina-storage-delivers-hardware-for-160-5-mwh-bess-project-in-romania-1295599/,2026-05-29 00:00:00,
20260529,renewablesnow,新能源,Kyon building 273 MW of batteries in Germany,https://renewablesnow.com/news/kyon-building-273-mw-of-batteries-in-germany-1295596/,2026-05-29 00:00:00,
20260529,renewablesnow,新能源,DEME hired to install turbines at 315-MW Japanese offshore wind farm,https://renewablesnow.com/news/deme-hired-to-install-turbines-at-315-mw-japanese-offshore-wind-farm-1295564/,2026-05-29 00:00:00,
20260529,renewablesnow,新能源,Ming Yang mulls investing in up to 2-GW wind project off Canada,https://renewablesnow.com/news/ming-yang-mulls-investing-in-up-to-2-gw-wind-project-off-canada-1295557/,2026-05-29 00:00:00,
20260529,renewablesnow,新能源,Syntholene fast-tracks Iceland hydrogen-to-eFuels demo,https://renewablesnow.com/news/syntholene-fast-tracks-iceland-hydrogen-to-efuels-demo-1295565/,2026-05-29 00:00:00,
20260529,renewablesnow,新能源,Caudal Energy nets funds for full-scale trials of tidal power tech,https://renewablesnow.com/news/caudal-energy-nets-funds-for-full-scale-trials-of-tidal-power-tech-1295561/,2026-05-29 00:00:00,
20260529,renewablesnow,新能源,Iceland's Landsvirkjun pockets USD 220m from green bond sale,https://renewablesnow.com/news/icelands-landsvirkjun-pockets-usd-220m-from-green-bond-sale-1295538/,2026-05-29 00:00:00,
20260529,renewablesnow,新能源,CPH2’s first commercial electrolyser damaged in pre-delivery test,https://renewablesnow.com/news/cph2s-first-commercial-electrolyser-damaged-in-pre-delivery-test-1295604/,2026-05-29 00:00:00,
20260529,solarbe_tech,光伏,国家光伏、储能实证实验平台（大庆基地）2025年度数据成果发布,https://news.solarbe.com/202605/29/50023677.html,2026-05-29 00:00:00,
20260529,solarbe_tech,光伏,北京：大力发展绿色建筑 建设零碳厂区、园区,https://news.solarbe.com/202605/29/50023660.html,2026-05-29 00:00:00,
20260529,solarbe_tech,光伏,中国光储企业深耕澳大利亚市场,https://news.solarbe.com/202605/29/50023652.html,2026-05-29 00:00:00,
20260529,solarbe_tech,光伏,内卷反噬创新！光伏全链研发投入近乎腰斩，全球领先优势承压,https://news.solarbe.com/202605/29/50023638.html,2026-05-29 00:00:00,
20260529,solarbe_tech,光伏,前4个月，青岛255个绿色低碳高质量发展重点项目完成年度投资169.4亿元,https://news.solarbe.com/202605/29/50023651.html,2026-05-29 00:00:00,
20260529,solarbe_tech,光伏,汇耀品尚能源科技完成1.4亿元B轮融资，加速柔性光伏支架全球化布局,https://news.solarbe.com/202605/29/50023676.html,2026-05-29 00:00:00,
20260529,solarbe_tech,光伏,赴港上市！又一光伏巨头递表港交所,https://news.solarbe.com/202605/29/50023627.html,2026-05-29 00:00:00,
20260529,solarbe_tech,光伏,中来股份高管变动,https://news.solarbe.com/202605/29/50023649.html,2026-05-29 00:00:00,
20260529,solarbe_tech,光伏,零投入分电费！中正能源光伏合伙人模式全解读，珠三角限时招募,https://news.solarbe.com/202605/29/50023680.html,2026-05-29 00:00:00,
20260529,solarbe_tech,光伏,能源管理进入智能体时代｜思格发布行业首个全域AI智能体 SigenAgent,https://news.solarbe.com/202605/29/50023678.html,2026-05-29 00:00:00,
20260529,solarbe_tech,光伏,全球深耕 生态升维：创维光伏2026年SNEC暨全球客户大会即将启幕,https://news.solarbe.com/202605/29/50023628.html,2026-05-29 00:00:00,
20260529,solarbe_tech,光伏,墨迹天气发布能源气象服务解决方案，以精准气象赋能新能源高质量发展,https://news.solarbe.com/202605/29/50023672.html,2026-05-29 00:00:00,
20260529,solarbe_tech,光伏,马丁·格林第68版效率表发布 隆基多项效率成果被权威收录,https://news.solarbe.com/202605/29/50023670.html,2026-05-29 00:00:00,
20260529,solarbe_tech,光伏,预计今年7月投产 山东爱旭打造光伏行业首个“零碳智造”示范基地,https://news.solarbe.com/202605/29/50023657.html,2026-05-29 00:00:00,
20260529,solarbe_tech,光伏,河北银行与利星能签署战略合作协议 双方在绿色能源与金融深度融合上迈出重大一步,https://news.solarbe.com/202605/29/50023656.html,2026-05-29 00:00:00,
20260529,solarbe_tech,光伏,天合光能再度荣膺《财富》最受赞赏的中国公司,https://news.solarbe.com/202605/29/50023644.html,2026-05-29 00:00:00,
20260529,solarbe_tech,光伏,中信博受邀出席APEC贸易部长会“应对当前贸易议题 重振世贸组织功能：贸易与环境研讨会”,https://news.solarbe.com/202605/29/50023643.html,2026-05-29 00:00:00,
20260529,solarbe_tech,光伏,"天合光能THBC|这招""帽子戏法""，把效率、成本、颜值一次拿捏！",https://news.solarbe.com/202605/29/50023641.html,2026-05-29 00:00:00,
20260529,solarbe_tech,光伏,这两家美企将助力印度本土薄膜光伏组件部署!,https://news.solarbe.com/202605/29/50023655.html,2026-05-29 00:00:00,
20260529,solarbe_tech,光伏,大唐、陕西延长石油、安徽能源集团分羹“陕电入皖”配套9GW新能源指标,https://news.solarbe.com/202605/29/50023646.html,2026-05-29 00:00:00,
20260529,solarbe_tech,光伏,香港已修复堆填区中规模最大太阳能发电设施启用,https://news.solarbe.com/202605/29/50023645.html,2026-05-29 00:00:00,
20260529,solarbe_tech,光伏,晶科能源申请光伏组件及其制造方法专利，提升光伏组件的加工良率和工作稳定性,https://news.solarbe.com/202605/29/50023654.html,2026-05-29 00:00:00,
20260529,solarbe_tech,光伏,高景太阳能申请光伏组件及其制备方法专利，显著提升了光伏组件在严苛环境下的长期可靠性,https://news.solarbe.com/202605/29/50023653.html,2026-05-29 00:00:00,
20260529,solarbe_tech,光伏,认证35.2%！钙钛矿/硅叠层NREL/NLR新纪录,https://news.solarbe.com/202605/29/50023633.html,2026-05-29 00:00:00,
20260529,tgs4c,综合科技,DEME Wins Installation Contract for Japanese Offshore Wind Project,https://www.tgs4c.com/news/deme-wins-installation-contract-for-japanese-offshore-wind-project-nid32906.html,2026-05-29 00:00:00,
20260529,tgs4c,综合科技,World's Largest Offshore Wind Converter Station Heads for Installation Offshore China,https://www.tgs4c.com/news/world27s-largest-offshore-wind-converter-station-heads-for-installation-offshore-china-nid32905.html,2026-05-29 00:00:00,
20260529,china_nengyuan,新能源,中国能建北京电建党委书记、董事长沈云,http://www.china-nengyuan.com/news/248954.html,,
20260529,china_nengyuan,新能源,梁伟奇到江门市蓬江区镜山200MW/400MWh,http://www.china-nengyuan.com/news/248953.html,,
20260529,china_nengyuan,新能源,'粪肥秸秆沼液绿色低碳循环利用技术集,http://www.china-nengyuan.com/news/248943.html,,
20260529,china_nengyuan,新能源,黄石市西塞山区'三联模式'让秸秆变'金',http://www.china-nengyuan.com/news/248942.html,,
20260529,china_nengyuan,新能源,投资15亿，澧县新能源循环经济及储能装,http://www.china-nengyuan.com/news/248941.html,,
20260529,china_nengyuan,新能源,通辽市奈曼旗金沙变、胜应变赣蒙两座10,http://www.china-nengyuan.com/news/248938.html,,
20260529,china_nengyuan,新能源,南瑞继保供货的沙特SEC三期2.5吉瓦储能,http://www.china-nengyuan.com/news/248947.html,,
20260529,china_nengyuan,新能源,ELIRE Maritime联合体验证漂浮式氢能港,http://www.china-nengyuan.com/news/248923.html,,
20260529,china_nengyuan,新能源,消息称特斯拉电动汽车4月份在加拿大大,http://www.china-nengyuan.com/news/248916.html,,
20260529,china_nengyuan,新能源,Energy Vault完成对BayWa r.e. AG旗下8,http://www.china-nengyuan.com/news/248915.html,,
20260529,china_nengyuan,新能源,FlexBase提出钒液流电池作为数据中心储,http://www.china-nengyuan.com/news/248895.html,,
20260529,china_nengyuan,新能源,电池：游戏规则已经改变，但不是你想象的那样,http://www.china-nengyuan.com/news/247357.html,,
20260529,china_nengyuan,新能源,储能'反内卷'启动！融科储能领衔19,http://www.china-nengyuan.com/news/239583.html,,
20260529,china_nengyuan,新能源,中国领衔！2030年绿色经济年产值将,http://www.china-nengyuan.com/news/238728.html,,
20260529,china_nengyuan,新能源,促进压缩空气储能、二氧化碳储能、,http://www.china-nengyuan.com/news/237881.html,,
20260529,china_nengyuan,新能源,国家能源局关于促进新能源集成融合,http://www.china-nengyuan.com/news/237163.html,,
20260529,china_nengyuan,新能源,超越电芯：深入分析电池储能成本的演变,http://www.china-nengyuan.com/news/247287.html,,
20260529,china_nengyuan,新能源,国家发展改革委 国家能源局关于促,http://www.china-nengyuan.com/news/236981.html,,
20260529,china_nengyuan,新能源,碳达峰碳中和的中国行动,http://www.china-nengyuan.com/news/236913.html,,
20260529,china_nengyuan,新能源,129家！工信部正式公布符合《光伏,http://www.china-nengyuan.com/news/236303.html,,
20260529,china_nengyuan,新能源,《节能降碳中央预算内投资专项管理,http://www.china-nengyuan.com/news/235277.html,,
20260529,china_nengyuan,新能源,世界银行：2026年能源价格上涨24%，石油供应每天减少1000万桶,http://www.china-nengyuan.com/news/247282.html,,
20260529,china_nengyuan,新能源,商务部：决定对稀土相关技术实施出,http://www.china-nengyuan.com/news/234848.html,,
20260529,china_nengyuan,新能源,工业和信息化部等八部门关于印发《,http://www.china-nengyuan.com/news/233784.html,,
20260529,china_nengyuan,新能源,碳交易重点领域全覆盖！中共中央办,http://www.china-nengyuan.com/news/232577.html,,
20260529,china_nengyuan,新能源,四川攀枝花：加快抽水蓄能、新型储,http://www.china-nengyuan.com/news/232130.html,,
20260529,china_nengyuan,新能源,领航者峰会2026｜新华三发布业,http://www.china-nengyuan.com/news/248513.html,,
20260529,china_nengyuan,新能源,智算双擎 新华三发布AI训推旗,http://www.china-nengyuan.com/news/248778.html,,
20260529,china_nengyuan,新能源,中津职教携手 共绘融合新篇 |,http://www.china-nengyuan.com/news/248594.html,,
20260529,china_nengyuan,新能源,Aternium拟建设美国60MW氢气与,http://www.china-nengyuan.com/news/248914.html,,
20260529,china_nengyuan,新能源,Tyczka Hydrogen启用施韦因富,http://www.china-nengyuan.com/news/248567.html,,
20260529,china_nengyuan,新能源,H2 MOBILITY自建氢气物流车队,http://www.china-nengyuan.com/news/248839.html,,
20260529,china_nengyuan,新能源,郑州市：围绕燃料电池汽车示范,http://www.china-nengyuan.com/news/248730.html,,
20260529,china_nengyuan,新能源,全球生物质能源网改版公告,http://www.china-nengyuan.com/news/230690.html,,
20260529,china_nengyuan,新能源,全球首部液流电池百科全书—《中国液,http://www.china-nengyuan.com/news/210064.html,,
20260529,china_nengyuan,新能源,【重要】《中国氢能产业大全 2023-冬,http://www.china-nengyuan.com/news/192299.html,,
20260529,china_nengyuan,新能源,《氢能产业大全 2020》正式发布！,http://www.china-nengyuan.com/news/160270.html,,
20260529,china_nengyuan,新能源,颗粒厂粉末处理过程中的爆炸防护解决方案,http://www.china-nengyuan.com/news/248963.html,,
20260529,china_nengyuan,新能源,云上南昌启动虚拟电厂建设,http://www.china-nengyuan.com/news/248959.html,,
20260529,china_nengyuan,新能源,湖南省电池行业协会走访西来客储能 共筑零碳,http://www.china-nengyuan.com/news/248952.html,,
20260529,china_nengyuan,新能源,深化银企对接！中国农发银行赴陕西绿色储能公,http://www.china-nengyuan.com/news/248951.html,,
20260529,china_nengyuan,新能源,赣锋锂电罗马尼亚康斯坦察13.76MWh储能项目正,http://www.china-nengyuan.com/news/248950.html,,
20260529,china_nengyuan,新能源,从'单兵突进'到'系统赋能'--皖能聚合能源公司,http://www.china-nengyuan.com/news/248949.html,,
20260529,china_nengyuan,新能源,爱维达园区1MW/2MWh储能系统成功并网投运--引,http://www.china-nengyuan.com/news/248948.html,,
20260529,china_nengyuan,新能源,永福股份与国宁新储签署合作协议,http://www.china-nengyuan.com/news/248946.html,,
20260529,china_nengyuan,新能源,上海宏孝新能源与茂丰旗篷签署储能项目合作协,http://www.china-nengyuan.com/news/248945.html,,
20260529,china_nengyuan,新能源,玖行能源＆永强能达达成战略合作，携手开启可,http://www.china-nengyuan.com/news/248944.html,,
20260529,china_nengyuan,新能源,储能的'价值分水岭'：海博思创构建面向未来电,http://www.china-nengyuan.com/news/248939.html,,
20260529,china_nengyuan,新能源,不是锂电替代品，是全新电池品类！众钠能源开,http://www.china-nengyuan.com/news/248937.html,,
20260529,china_nengyuan,新能源,雪迪龙'CCER项目碳计量专用智能数据管理系统',http://www.china-nengyuan.com/news/248934.html,,
20260529,china_nengyuan,新能源,精细化运营时代，墨迹天气如何成为新能源的专,http://www.china-nengyuan.com/news/248924.html,,
20260529,china_nengyuan,新能源,数据中心运营商在部署电力基础设施时经常,http://www.china-nengyuan.com/news/248962.html,,
20260529,china_nengyuan,新能源,研报：人工智能能够让老化的电网重获新生,http://www.china-nengyuan.com/news/248881.html,,
20260529,china_nengyuan,新能源,濒临崩溃！为何电网正成为人工智能数据中,http://www.china-nengyuan.com/news/248790.html,,
20260529,china_nengyuan,新能源,NERC：为何将人工智能数据中心视为电网重,http://www.china-nengyuan.com/news/248615.html,,
20260529,china_nengyuan,新能源,AI浪潮的背后：美国人正在对数据中心失去,http://www.china-nengyuan.com/news/248512.html,,
20260529,china_nengyuan,新能源,IRENA：2035年全球电气化目标35%，2050年,http://www.china-nengyuan.com/news/248510.html,,
20260529,china_nengyuan,新能源,施耐德电气：800VDC、数字孪生和能源智能,http://www.china-nengyuan.com/news/248252.html,,
20260529,china_nengyuan,新能源,从被动扑救到主动管理：关于加拿大野火的,http://www.china-nengyuan.com/news/248065.html,,
20260529,china_nengyuan,新能源,EIA预测2026年和2027年美国生物质废物发,http://www.china-nengyuan.com/news/247899.html,,
20260529,china_nengyuan,新能源,储能已进入100GW时代！,http://www.china-nengyuan.com/news/247725.html,,
20260529,china_nengyuan,新能源,低于化石燃料发电！光伏+储能成本降至74,http://www.china-nengyuan.com/news/247452.html,,
20260529,china_nengyuan,新能源,2030年达到289TWh！数据中心蓬勃发展推动,http://www.china-nengyuan.com/news/247206.html,,
20260529,china_nengyuan,新能源,人工智能全面加持！2025年全球电网投资达,http://www.china-nengyuan.com/news/247205.html,,
20260529,china_nengyuan,新能源,AIDC选址转向以能源为主导！亚太地区数据,http://www.china-nengyuan.com/news/247108.html,,
20260529,china_nengyuan,新能源,中国工程院院士钱锋：让退役储能锂电池变身'资,http://www.china-nengyuan.com/news/243852.html,,
20260529,china_nengyuan,新能源,秦海岩：以政策打开市场空间，以市场打破技术,http://www.china-nengyuan.com/news/247451.html,,
20260529,china_nengyuan,新能源,海博思创张剑辉：算电协同正成为储能应用重要,http://www.china-nengyuan.com/news/247091.html,,
20260529,china_nengyuan,新能源,潘文鼎｜发力电池新赛道 闯出储能新未来,http://www.china-nengyuan.com/news/246497.html,,
20260529,china_nengyuan,新能源,五矿证券研究所新能源首席分析师张斯恺：储能,http://www.china-nengyuan.com/news/246114.html,,
20260529,china_nengyuan,新能源,阳光电源光储集团中国区副总裁李金虎：交付不,http://www.china-nengyuan.com/news/246037.html,,
20260529,china_nengyuan,新能源,中国绿发投资集团有限公司北京绿发科技分公司,http://www.china-nengyuan.com/news/246036.html,,
20260529,china_nengyuan,新能源,海博思创副总裁湛晓林：'储能+X'驱动多场景能,http://www.china-nengyuan.com/news/246035.html,,
20260529,china_nengyuan,新能源,远景能源储能产品总工程师徐中华：让储能从',http://www.china-nengyuan.com/news/246034.html,,
20260529,china_nengyuan,新能源,中储国能（北京）技术有限公司市场总监郭少峰,http://www.china-nengyuan.com/news/246024.html,,
20260529,china_nengyuan,新能源,北京华科储能科技有限公司（中国华电科工集团,http://www.china-nengyuan.com/news/246023.html,,
20260529,china_nengyuan,新能源,国能信控公司副总经理张传升：智控助储能更加,http://www.china-nengyuan.com/news/246022.html,,
20260529,china_nengyuan,新能源,中车株洲所综合能源事业部零碳智慧能源技术总,http://www.china-nengyuan.com/news/246021.html,,
20260529,china_nengyuan,新能源,聚维元创张天元：秸秆基生物制造的碳成本革命,http://www.china-nengyuan.com/news/244562.html,,
20260529,china_nengyuan,新能源,中国科学院院士欧阳明高：新能源汽车产业将进,http://www.china-nengyuan.com/news/244325.html,,
20260529,china_nengyuan,新能源,山西省发布《新型储能高质量发展实施方案》,http://www.china-nengyuan.com/news/248882.html,,
20260529,china_nengyuan,新能源,推行项目'拿地即开工'！四川资阳《支持氢能产,http://www.china-nengyuan.com/news/248650.html,,
20260529,china_nengyuan,新能源,射阳县：全力培育氢能装备等产业链细分领域，,http://www.china-nengyuan.com/news/248541.html,,
20260529,china_nengyuan,新能源,新疆发布《关于完善发电侧容量电价机制有关事,http://www.china-nengyuan.com/news/248527.html,,
20260529,china_nengyuan,新能源,两部门：优先支持绿色氢氨醇等新兴产业和未来,http://www.china-nengyuan.com/news/248268.html,,
20260529,china_nengyuan,新能源,"吴忠市：探索风光储多能互补耦合制氢模式,推",http://www.china-nengyuan.com/news/248178.html,,
20260529,china_nengyuan,新能源,池州市：力争落地氢能企业超30家，打造长三角,http://www.china-nengyuan.com/news/248176.html,,
20260529,china_nengyuan,新能源,国家能源局印发《新型储能电站建设工程质量监,http://www.china-nengyuan.com/news/247983.html,,
20260529,china_nengyuan,新能源,推动全钒液流电池发展，在项目中央预算内资金,http://www.china-nengyuan.com/news/247981.html,,
20260529,china_nengyuan,新能源,工信部：聚焦水电解制氢装备等重点产业链开展,http://www.china-nengyuan.com/news/247934.html,,
20260529,china_nengyuan,新能源,补偿标准330元/kW·年，折算8h！吉林省印发《,http://www.china-nengyuan.com/news/247886.html,,
20260529,china_nengyuan,新能源,西安：2030年智能网联新能源汽车产量超155万,http://www.china-nengyuan.com/news/247766.html,,
20260529,china_nengyuan,新能源,5MW、2小时！山东设定新型储能场站入市门槛,http://www.china-nengyuan.com/news/247634.html,,
20260529,china_nengyuan,新能源,浩添储能携手终极能源启动分布式光伏发电项目,http://www.china-nengyuan.com/news/248851.html,,
20260529,china_nengyuan,新能源,中国石油长庆油田采油十一厂：分布式光伏发电突破1,http://www.china-nengyuan.com/news/248927.html,,
20260529,china_nengyuan,新能源,常宁：光伏发电 荒山变'金山',http://www.china-nengyuan.com/news/248926.html,,
20260529,china_nengyuan,新能源,国家能源集团安徽公司蚌埠电厂：年度光伏发电量突破,http://www.china-nengyuan.com/news/248844.html,,
20260529,china_nengyuan,新能源,总投资18.7亿元！中广核云南保山隆阳区540兆瓦光伏,http://www.china-nengyuan.com/news/248843.html,,
20260529,china_nengyuan,新能源,系统做好退役光伏组件回收利用，推进新能源产业循环,http://www.china-nengyuan.com/news/248842.html,,
20260529,china_nengyuan,新能源,爱旭济南基地每12秒下线一块光伏组件，太阳能电池产,http://www.china-nengyuan.com/news/248841.html,,
20260529,china_nengyuan,新能源,通合新能源工商业光伏ABS在上海证券交易所挂牌上市,http://www.china-nengyuan.com/news/248838.html,,
20260529,china_nengyuan,新能源,259MW！爱旭再获埃及集中式大单，加速深耕中东非高,http://www.china-nengyuan.com/news/248837.html,,
20260529,china_nengyuan,新能源,AeroDelft氢动力飞机在鹿特丹海牙机场成功完成滑行,http://www.china-nengyuan.com/news/248922.html,,
20260529,china_nengyuan,新能源,广东氢能制储加一体化装置运营标准出炉,http://www.china-nengyuan.com/news/248906.html,,
20260529,china_nengyuan,新能源,'老工艺'回答'新命题'，绿色燃料如何走向规模化,http://www.china-nengyuan.com/news/248904.html,,
20260529,china_nengyuan,新能源,甘孜州首批绿色氢能共享两轮车投放海螺沟,http://www.china-nengyuan.com/news/248901.html,,
20260529,china_nengyuan,新能源,兴燃500标方单槽PEM电解槽重磅下线,http://www.china-nengyuan.com/news/248899.html,,
20260529,china_nengyuan,新能源,兴燃科技与时代氢源签署战略合作 共筑PEM制氢设备头,http://www.china-nengyuan.com/news/248898.html,,
20260529,china_nengyuan,新能源,正时农业与新木生物｜战略合作签约圆满达成，共启生,http://www.china-nengyuan.com/news/248891.html,,
20260529,china_nengyuan,新能源,SAF需求高增催生原料缺口 朗坤科技卡位UCO赛道受益,http://www.china-nengyuan.com/news/248888.html,,
20260529,china_nengyuan,新能源,'可再生能源驱动二氧化碳制备生物航空燃料理论与方,http://www.china-nengyuan.com/news/248887.html,,
20260529,china_nengyuan,新能源,LanzaTech在比利时建设欧洲首个商业ATJ-SAF工厂,http://www.china-nengyuan.com/news/248886.html,,
20260529,china_nengyuan,新能源,研究显示：林间研磨符合颗粒制造标准且具有成本效益,http://www.china-nengyuan.com/news/248885.html,,
20260529,china_nengyuan,新能源,四川钒能2.5万吨/年钒制品项目总平图重新公示,http://www.china-nengyuan.com/news/248528.html,,
20260529,china_nengyuan,新能源,专访浙大温州研究院院长叶志镇丨从跟跑到领跑：浙江,http://www.china-nengyuan.com/news/248613.html,,
20260529,china_nengyuan,新能源,三棵树汽车新材料研发运营总部签约落户上海嘉定,http://www.china-nengyuan.com/news/248565.html,,
20260529,china_nengyuan,新能源,河北日报：承德钒钛'四链齐舞'激活千亿产业,http://www.china-nengyuan.com/news/248437.html,,
20260529,china_nengyuan,新能源,连都40万吨锂电池负极材料一体化项目一期点火试生产,http://www.china-nengyuan.com/news/248312.html,,
20260529,china_nengyuan,新能源,攀枝花钒钛产业构建全链条生态 打造国家级新材料产,http://www.china-nengyuan.com/news/248257.html,,
20260529,china_nengyuan,新能源,汇木新能源集团自投自建的太萌新材料公司2795kW/544,http://www.china-nengyuan.com/news/247938.html,,
20260529,china_nengyuan,新能源,海辰新材料与中国资源循环集团共探储能电池循环经济,http://www.china-nengyuan.com/news/247392.html,,
20260529,china_nengyuan,新能源,2025年全球风力发电量达到2715TWh，装机容量激,http://www.china-nengyuan.com/news/246825.html,,
20260529,china_nengyuan,新能源,明阳高海拔风电技术再突破 为全球超高海拔风电提供',http://www.china-nengyuan.com/news/248929.html,,
20260529,china_nengyuan,新能源,世界规模最大海上换流站启运,http://www.china-nengyuan.com/news/248849.html,,
20260529,china_nengyuan,新能源,中车株洲电机助力柴达木风电项目完成首批吊装,http://www.china-nengyuan.com/news/248848.html,,
20260529,china_nengyuan,新能源,福州风电装备产业'链'动全球,http://www.china-nengyuan.com/news/248741.html,,
20260529,china_nengyuan,新能源,五角大楼卡审批流程，美风电项目遭遇'一刀切'式叫停,http://www.china-nengyuan.com/news/248739.html,,
20260529,china_nengyuan,新能源,海拔4500米！中车株洲所刷新全球超高海拔风机单机功,http://www.china-nengyuan.com/news/248587.html,,
20260529,china_nengyuan,新能源,政企合力跑出'滨州速度'： 远景滨州基地打造山东风,http://www.china-nengyuan.com/news/248586.html,,
20260529,china_nengyuan,新能源,中建二局固阳县39万千瓦风电项目全面复工,http://www.china-nengyuan.com/news/248585.html,,
20260529,china_nengyuan,新能源,中汽协启动EVSA倡议，携手吉利发布首份中国电动,http://www.china-nengyuan.com/news/248669.html,,
20260529,china_nengyuan,新能源,上汽通用五菱获批'新能源汽车国家质量标准实验室',http://www.china-nengyuan.com/news/248928.html,,
20260529,china_nengyuan,新能源,比亚迪4月份在欧洲销量同比大增,http://www.china-nengyuan.com/news/248925.html,,
20260529,china_nengyuan,新能源,国际能源署：2026年，全球电动汽车销量有望突破2300,http://www.china-nengyuan.com/news/248748.html,,
20260529,china_nengyuan,新能源,中国品牌在欧洲电动汽车市场占有率首超15%,http://www.china-nengyuan.com/news/248738.html,,
20260529,china_nengyuan,新能源,青岛新能源汽车产业有了'量身定制'服务，一类事增值,http://www.china-nengyuan.com/news/248737.html,,
20260529,china_nengyuan,新能源,700公里翻越祁连山：首条疆煤外运重卡换电干线试点,http://www.china-nengyuan.com/news/248728.html,,
20260529,china_nengyuan,新能源,续航最高535公里！BEIJING EU8上市发布，E路U你一路,http://www.china-nengyuan.com/news/248690.html,,
20260529,china_nengyuan,新能源,DAHON大行以创新重塑全球绿色出行新格局,http://www.china-nengyuan.com/news/248917.html,,
20260529,china_nengyuan,新能源,IFF旗下LMR于法国格拉斯正式启用全新实验种植基地,http://www.china-nengyuan.com/news/248913.html,,
20260529,china_nengyuan,新能源,意大利首批氢能公交在博洛尼亚投运，127辆车队正式,http://www.china-nengyuan.com/news/248840.html,,
20260529,china_nengyuan,新能源,947W/kg功率密度领跑行业，天能辰星系列燃料电池新,http://www.china-nengyuan.com/news/248823.html,,
20260529,china_nengyuan,新能源,2025年全球水电达到创纪录的4437TWh,http://www.china-nengyuan.com/news/247093.html,,
20260529,china_nengyuan,新能源,2025年太阳能发电量在全球范围内首次,http://www.china-nengyuan.com/news/246824.html,,
20260529,china_nengyuan,新能源,中国连续10年引领增长！2025年全球电,http://www.china-nengyuan.com/news/246823.html,,
20260529,china_nengyuan,新能源,2025年全球可再生能源装机达到创纪录,http://www.china-nengyuan.com/news/246166.html,,
20260529,china_nengyuan,新能源,美国储能装机量在2025年达到创纪录的,http://www.china-nengyuan.com/news/245051.html,,
20260529,china_nengyuan,新能源,2025年美国木屑颗粒出口量突破1009万,http://www.china-nengyuan.com/news/243299.html,,
20260529,china_nengyuan,新能源,2025全球氢燃料电池车市场回升，但仅,http://www.china-nengyuan.com/news/242800.html,,
20260529,china_nengyuan,新能源,从过剩转向紧张！2025年储能电芯出货,http://www.china-nengyuan.com/news/242737.html,,
20260529,china_nengyuan,新能源,独立储能成为主导！中国2025年新增66,http://www.china-nengyuan.com/news/242236.html,,
20260529,china_nengyuan,新能源,2025年：数据中心投资超越光伏！能源,http://www.china-nengyuan.com/news/241819.html,,
20260529,china_nengyuan,新能源,IRENA：全球可再生能源就业增长放缓,http://www.china-nengyuan.com/news/241804.html,,
20260529,china_nengyuan,新能源,IRENA：2024年清洁能源投资已超越化,http://www.china-nengyuan.com/news/238530.html,,
20260529,china_nengyuan,新能源,为可再生能源让路！中国新批准的煤电,http://www.china-nengyuan.com/news/238075.html,,
20260529,china_nengyuan,新能源,液冷服务器概念涨1.86%，主力资金净,http://www.china-nengyuan.com/news/231159.html,,
20260529,china_nengyuan,新能源,平安银行：谱写绿色金融大文章 实现,http://www.china-nengyuan.com/news/215889.html,,
20260529,china_nengyuan,新能源,钒钛股份业绩短期承压，静待液流电池,http://www.china-nengyuan.com/news/209132.html,,
20260529,china_nengyuan,新能源,海优新材定增11.36亿元获批 光伏胶膜,http://www.china-nengyuan.com/news/197900.html,,
20260529,china_nengyuan,新能源,阿布扎比全球市场实施可持续金融监管,http://www.china-nengyuan.com/news/197467.html,,
20260529,china_nengyuan,新能源,固态电池技术获重大突破 机构密集调,http://www.china-nengyuan.com/news/197465.html,,
20260529,china_nengyuan,新能源,10只氢能源概念股涨停 板块有望进入,http://www.china-nengyuan.com/news/197122.html,,
20260529,china_nengyuan,新能源,多家上市公司大手笔押注新能源电池及,http://www.china-nengyuan.com/news/196019.html,,
20260529,china_nengyuan,新能源,「氢新科技」小型化高温质子交换膜燃,http://www.china-nengyuan.com/news/195813.html,,
20260529,china_nengyuan,新能源,福氢氢能完成天使轮融资，专注质子交,http://www.china-nengyuan.com/news/195812.html,,
20260529,china_nengyuan,新能源,Irena：德国、荷兰和瑞典光伏电站资,http://www.china-nengyuan.com/news/194943.html,,
20260529,china_nengyuan,新能源,18家公司预报一季度业绩 光伏产业链,http://www.china-nengyuan.com/news/192729.html,,
20260529,china_nengyuan,新能源,2022年光伏行业总产值突破1.4万亿元,http://www.china-nengyuan.com/news/191792.html,,
20260529,china_nengyuan,新能源,氢能源概念表现抢眼 两公司回应相关,http://www.china-nengyuan.com/news/191650.html,,
